Detector,X,Y,sep,Effort
NE_340,457635.9109,5376889.625,/,1
NE_372,425577.0957,5377420.477,/,1
NE_373,426575.2561,5377375.752,/,1
NE_374,427573.4153,5377331.033,/,1
NE_375,428571.5731,5377286.32,/,1
NE_377,430567.8847,5377196.909,/,1
NE_378,431566.0385,5377152.212,/,1
NE_379,432564.1912,5377107.522,/,1
NE_390,457517.674,5375992.047,/,1
NE_391,458515.8031,5375947.5,/,1
NE_392,459513.9314,5375902.958,/,1
NE_421,422537.862,5376556.516,/,1
NE_422,423536.0324,5376511.776,/,1
NE_423,424534.2014,5376467.042,/,1
NE_424,425532.3688,5376422.313,/,1
NE_427,428526.8631,5376288.16,/,1
NE_429,430523.1858,5376198.752,/,2
NE_445,458471.259,5374949.369,/,1
NE_446,459469.3927,5374904.827,/,1
NE_447,460467.5259,5374860.292,/,1
NE_448,461465.6587,5374815.762,/,1
NE_449,462463.7911,5374771.237,/,1
NE_450,463461.9229,5374726.718,/,1
NE_475,421494.9426,5375603.087,/,1
NE_476,422493.12,5375558.342,/,1
NE_477,423491.2959,5375513.604,/,1
NE_478,424489.4703,5375468.871,/,1
NE_484,430478.4883,5375200.589,/,2
NE_485,431476.6533,5375155.895,/,1
NE_507,461421.1316,5373817.627,/,1
NE_508,462419.2693,5373773.102,/,1
NE_509,463417.4067,5373728.583,/,1
NE_543,429435.6201,5374247.119,/,1
NE_544,430433.792,5374202.421,/,1
NE_545,431431.9625,5374157.728,/,1
NE_612,429390.9197,5373248.944,/,1
NE_613,430389.097,5373204.247,/,1
NE_614,431387.273,5373159.556,/,1
NE_681,429346.2206,5372250.763,/,1
NE_682,430344.4032,5372206.067,/,1
NE_683,431342.5846,5372161.378,/,1
NE_724,472267.2234,5370333.732,/,1
NE_725,473265.3732,5370289.268,/,1
NE_752,430299.7107,5371207.882,/,1
NE_753,431297.8977,5371163.193,/,1
NE_794,472222.7567,5369335.579,/,1
NE_795,473220.912,5369291.115,/,1
NE_796,474219.0671,5369246.656,/,1
NE_820,428258.6312,5370299.085,/,1
NE_821,429256.8261,5370254.386,/,1
NE_822,430255.0197,5370209.693,/,1
NE_823,431253.2122,5370165.004,/,1
NE_835,443231.4279,5369629.172,/,1
NE_836,444229.6055,5369584.554,/,1
NE_838,446225.9582,5369495.334,/,1
NE_839,447224.1333,5369450.733,/,1
NE_840,448222.3074,5369406.137,/,1
NE_841,449220.4807,5369361.545,/,1
NE_866,474174.6112,5368248.498,/,1
NE_892,429212.1308,5369256.189,/,1
NE_893,430210.3299,5369211.497,/,1
NE_907,444184.991,5368586.374,/,1
NE_908,445183.1731,5368541.763,/,1
NE_909,446181.3543,5368497.157,/,1
NE_912,449175.8927,5368363.37,/,1
NE_937,474130.1556,5367250.336,/,1
NE_961,430165.6413,5368213.296,/,1
NE_962,431163.8446,5368168.611,/,1
NE_963,432162.0463,5368123.931,/,1
NE_1005,474085.7002,5366252.168,/,1
NE_1006,475083.8708,5366207.715,/,1
NE_1024,423133.457,5367528.026,/,2
NE_1025,424131.6751,5367483.305,/,1
NE_1030,429122.7442,5367259.779,/,1
NE_1031,430120.9542,5367215.09,/,1
NE_1032,431119.1624,5367170.406,/,1
NE_1076,475039.4207,5365209.542,/,1
NE_1093,423088.7339,5366529.805,/,4
NE_1094,424086.9573,5366485.085,/,5
NE_1100,430076.2683,5366216.878,/,1
NE_1101,431074.4819,5366172.195,/,1
NE_1161,423044.0122,5365531.578,/,4
NE_1162,424042.241,5365486.86,/,3
NE_1167,429033.3634,5365263.347,/,1
NE_1168,430031.5836,5365218.661,/,1
NE_1236,429986.9002,5364220.438,/,1
NE_1311,436929.7987,5362909.57,/,2
NE_1312,437928.0198,5362864.927,/,2
NE_1313,438926.2396,5362820.291,/,2
NE_1314,439924.4583,5362775.659,/,2
NE_1316,441920.8928,5362686.41,/,1
NE_1317,442919.1085,5362641.795,/,1
NE_1333,458890.441,5361928.638,/,3
NE_1334,459888.6432,5361884.11,/,3
NE_1371,428899.3016,5362268.66,/,2
NE_1372,429897.5376,5362223.978,/,2
NE_1373,430895.7724,5362179.301,/,1
NE_1379,436885.1546,5361911.346,/,4
NE_1380,437883.3809,5361866.704,/,1
NE_1382,439879.83,5361777.438,/,3
NE_1383,440878.0526,5361732.812,/,4
NE_1384,441876.2745,5361688.192,/,3
NE_1385,442874.4954,5361643.577,/,1
NE_1400,457847.7024,5360974.967,/,2
NE_1401,458845.9103,5360930.433,/,7
NE_1402,459844.1175,5360885.906,/,7
NE_1438,424861.6382,5361449.198,/,1
NE_1439,425859.885,5361404.496,/,1
NE_1443,429852.8583,5361225.74,/,2
NE_1444,430851.0981,5361181.064,/,1
NE_1445,431849.3369,5361136.393,/,1
NE_1450,436840.5117,5360913.116,/,4
NE_1451,437838.7429,5360868.476,/,7
NE_1452,438836.973,5360823.841,/,1
NE_1453,439835.2022,5360779.212,/,2
NE_1454,440833.4303,5360734.588,/,2
NE_1455,441831.6572,5360689.968,/,3
NE_1456,442829.8833,5360645.354,/,2
NE_1457,443828.1083,5360600.745,/,1
NE_1468,454808.5243,5360110.383,/,6
NE_1469,455806.7392,5360065.835,/,2
NE_1470,456804.9535,5360021.293,/,6
NE_1471,457803.1672,5359976.756,/,7
NE_1472,458801.3803,5359932.224,/,7
NE_1473,459799.5927,5359887.697,/,2
NE_1506,424816.9343,5360450.948,/,3
NE_1507,425815.1864,5360406.248,/,1
NE_1511,429808.1804,5360227.497,/,1
NE_1512,430806.4253,5360182.822,/,2
NE_1513,431804.6692,5360138.152,/,1
NE_1514,432802.9117,5360093.488,/,1
NE_1522,440788.8089,5359736.357,/,2
NE_1523,441787.041,5359691.739,/,3
NE_1524,442785.2721,5359647.125,/,1
NE_1533,451769.31,5359245.837,/,5
NE_1534,452767.5324,5359201.274,/,5
NE_1535,453765.7537,5359156.717,/,5
NE_1536,454763.9746,5359112.165,/,6
NE_1537,455762.1946,5359067.619,/,6
NE_1538,456760.4139,5359023.077,/,6
NE_1541,459755.0681,5358889.481,/,2
NE_1574,424772.2319,5359452.693,/,1
NE_1580,430761.7539,5359184.575,/,1
NE_1581,431760.0029,5359139.906,/,1
NE_1582,432758.2504,5359095.243,/,1
NE_1583,433756.497,5359050.585,/,1
NE_1584,434754.742,5359005.932,/,1
NE_1585,435752.9859,5358961.284,/,1
NE_1586,436751.2286,5358916.642,/,1
NE_1589,439745.9503,5358782.745,/,1
NE_1591,441742.4258,5358693.504,/,3
NE_1599,449728.2886,5358336.75,/,6
NE_1600,450726.5176,5358292.178,/,6
NE_1601,451724.7459,5358247.612,/,5
NE_1605,455717.6504,5358069.396,/,3
NE_1606,456715.8749,5358024.856,/,3
NE_1607,457714.0985,5357980.319,/,4
NE_1608,458712.3218,5357935.788,/,3
NE_1609,459710.5443,5357891.262,/,2
NE_1610,460708.7662,5357846.741,/,2
NE_1644,426724.0541,5358365.042,/,1
NE_1649,431715.3377,5358141.656,/,1
NE_1654,436706.5892,5357918.397,/,1
NE_1655,437704.8359,5357873.761,/,1
NE_1656,438703.0813,5357829.129,/,1
NE_1657,439701.3261,5357784.503,/,1
NE_1658,440699.5694,5357739.882,/,6
NE_1659,441697.8116,5357695.265,/,5
NE_1660,442696.0529,5357650.654,/,5
NE_1661,443694.2932,5357606.048,/,2
NE_1662,444692.5325,5357561.447,/,2
NE_1667,449683.7151,5357338.518,/,6
NE_1668,450681.949,5357293.947,/,1
NE_1675,457669.5653,5356982.093,/,6
NE_1676,458667.7935,5356937.562,/,4
NE_1677,459666.021,5356893.037,/,2
NE_1678,460664.2481,5356848.517,/,1
NE_1711,426679.3647,5357366.779,/,1
NE_1716,431670.6738,5357143.4,/,1
NE_1717,432668.9317,5357098.739,/,1
NE_1718,433667.1883,5357054.084,/,1
NE_1721,436661.9507,5356920.148,/,1
NE_1722,437660.2025,5356875.512,/,1
NE_1723,438658.4532,5356830.881,/,1
NE_1724,439656.7026,5356786.257,/,1
NE_1726,441653.1986,5356697.021,/,4
NE_1727,442651.4448,5356652.411,/,4
NE_1728,443649.6902,5356607.806,/,2
NE_1734,449639.1423,5356340.281,/,1
NE_1735,450637.3812,5356295.711,/,1
NE_1740,455628.5643,5356072.936,/,2
NE_1741,456626.7988,5356028.397,/,8
NE_1742,457625.0326,5355983.862,/,7
NE_1785,433622.5357,5356055.826,/,2
NE_1786,434620.7962,5356011.176,/,1
NE_1787,435619.0554,5355966.532,/,4
NE_1788,436617.3135,5355921.893,/,5
NE_1789,437615.5702,5355877.258,/,5
NE_1790,438613.826,5355832.63,/,4
NE_1792,440610.334,5355743.385,/,1
NE_1793,441608.5864,5355698.772,/,4
NE_1794,442606.8378,5355654.163,/,2
NE_1801,449594.5704,5355342.04,/,1
NE_1806,454585.7822,5355119.244,/,6
NE_1807,455584.0223,5355074.699,/,6
NE_1808,456582.2619,5355030.16,/,8
NE_1854,435574.4141,5354968.271,/,4
NE_1859,440565.7179,5354745.13,/,1
NE_1860,441563.9753,5354700.517,/,5
NE_1861,442562.2317,5354655.91,/,5
NE_1862,443560.4871,5354611.307,/,1
NE_1863,444558.7414,5354566.708,/,1
NE_1864,445556.9948,5354522.115,/,1
NE_1868,449549.9991,5354343.792,/,1
NE_1869,450548.2481,5354299.224,/,2
NE_1870,451546.4962,5354254.661,/,2
NE_1871,452544.7435,5354210.103,/,2
NE_1872,453542.9901,5354165.549,/,5
NE_1873,454541.2359,5354121.001,/,5
NE_1921,435529.7745,5353970.004,/,4
NE_1926,440521.103,5353746.87,/,2
NE_1927,441519.3653,5353702.258,/,5
NE_1928,442517.6266,5353657.651,/,2
NE_1929,443515.8868,5353613.049,/,1
NE_1930,444514.1461,5353568.452,/,1
NE_1940,454496.6903,5353122.754,/,4
NE_1988,434486.8614,5353016.374,/,4
NE_1989,435485.1355,5352971.734,/,4
NE_1993,439478.2205,5352793.221,/,1
NE_1994,440476.489,5352748.604,/,1
NE_1995,441474.7563,5352703.993,/,4
NE_2008,454452.1454,5352124.5,/,3
NE_2056,433443.9385,5352062.741,/,4
NE_2057,434442.219,5352018.096,/,5
NE_2059,436438.7759,5351928.823,/,3
NE_2060,437437.0527,5351884.193,/,3
NE_2061,438435.3282,5351839.569,/,3
NE_2062,439433.6029,5351794.949,/,4
NE_2076,453409.3408,5351170.788,/,3
NE_2077,454407.6012,5351126.243,/,3
NE_2124,432401.0059,5351109.106,/,4
NE_2125,433399.2924,5351064.458,/,4
NE_2126,434397.5777,5351019.815,/,3
NE_2127,435395.8618,5350975.176,/,3
NE_2128,436394.1446,5350930.543,/,3
NE_2142,450369.9916,5350306.191,/,3
NE_2143,451368.2592,5350261.631,/,3
NE_2144,452366.5264,5350217.076,/,3
NE_2145,453364.7924,5350172.525,/,3
NE_2192,431358.0633,5350155.467,/,7
NE_2193,432356.3561,5350110.816,/,7
NE_2194,433354.6475,5350066.17,/,3
NE_2195,434352.9376,5350021.527,/,3
NE_2210,449327.1562,5349352.484,/,3
NE_2211,450325.4295,5349307.92,/,3
NE_2258,429316.8106,5349246.487,/,7
NE_2259,430315.111,5349201.827,/,7
NE_2260,431313.4099,5349157.172,/,7
NE_2277,448284.311,5348398.776,/,3
NE_2278,449282.5901,5348354.208,/,3
NE_2279,450280.8683,5348309.645,/,1
NE_2280,451279.1458,5348265.086,/,1
NE_2325,428273.8423,5348292.848,/,7
NE_2326,429272.1489,5348248.184,/,7
NE_2343,446243.1707,5347489.643,/,1
NE_2344,447241.4562,5347445.066,/,3
NE_2345,448239.741,5347400.494,/,3
NE_2348,451234.59,5347266.807,/,1
NE_2396,429227.4883,5347249.875,/,7
NE_2398,431224.1069,5347160.566,/,4
NE_2418,451190.0353,5346268.523,/,4
NE_2419,452188.3216,5346223.971,/,4
NE_2420,453186.6069,5346179.424,/,3
NE_2421,454184.8914,5346134.881,/,3
NE_2435,468160.8096,5345511.784,/,1
NE_2436,469159.0857,5345467.312,/,1
NE_2437,470157.3614,5345422.845,/,1
NE_2438,471155.6368,5345378.383,/,1
NE_2439,472153.9119,5345333.925,/,1
NE_2440,473152.1866,5345289.473,/,1
NE_2464,429182.8292,5346251.563,/,7
NE_2465,430181.1442,5346206.906,/,7
NE_2466,431179.4575,5346162.256,/,7
NE_2485,450147.1898,5345314.79,/,4
NE_2486,451145.4814,5345270.233,/,3
NE_2489,454140.3519,5345136.594,/,3
NE_2503,468116.336,5344513.505,/,1
NE_2505,470112.8971,5344424.567,/,1
NE_2506,471111.177,5344380.106,/,1
NE_2510,475104.2945,5344202.304,/,1
NE_2511,476102.5733,5344157.866,/,1
NE_2512,477100.8517,5344113.431,/,1
NE_2513,478099.1302,5344069.003,/,1
NE_2547,443114.5315,5344628.513,/,5
NE_2548,444112.8345,5344583.925,/,5
NE_2549,445111.1364,5344539.341,/,5
NE_2550,446109.4373,5344494.763,/,5
NE_2551,447107.7374,5344450.188,/,5
NE_2553,449104.3346,5344361.055,/,2
NE_2554,450102.6319,5344316.496,/,4
NE_2558,454095.8129,5344138.303,/,3
NE_2571,467073.5766,5343559.697,/,1
NE_2572,468071.8625,5343515.221,/,1
NE_2579,475059.8539,5343204.023,/,1
NE_2581,477056.4204,5343115.152,/,1
NE_2582,478054.7033,5343070.722,/,1
NE_2610,431090.1624,5344165.62,/,3
NE_2611,432088.4841,5344120.977,/,3
NE_2621,442071.6329,5343674.799,/,5
NE_2622,443069.9416,5343630.207,/,5
NE_2632,453052.9759,5343184.547,/,3
NE_2633,454051.2746,5343140.007,/,3
NE_2634,455049.5726,5343095.472,/,5
NE_2635,456047.8698,5343050.941,/,3
NE_2637,458044.4623,5342961.893,/,1
NE_2645,466030.8082,5342605.889,/,1
NE_2646,467029.0989,5342561.409,/,1
NE_2654,475015.4131,5342205.737,/,1
NE_2655,476013.7012,5342161.299,/,1
NE_2691,430047.1893,5343211.943,/,2
NE_2692,431045.5169,5343167.296,/,5
NE_2693,432043.8434,5343122.653,/,5
NE_2700,439032.0928,5342810.287,/,2
NE_2701,440030.4094,5342765.683,/,5
NE_2702,441028.7248,5342721.083,/,5
NE_2703,442027.0392,5342676.487,/,5
NE_2716,455005.0397,5342097.172,/,6
NE_2717,456003.3417,5342052.642,/,5
NE_2718,457001.6428,5342008.116,/,3
NE_2719,457999.9432,5341963.595,/,1
NE_2725,463989.7338,5341696.567,/,1
NE_2726,464988.0301,5341652.079,/,1
NE_2727,465986.3263,5341607.595,/,1
NE_2736,474970.973,5341207.447,/,1
NE_2737,475969.2655,5341163.009,/,1
NE_2772,428005.8715,5342302.918,/,2
NE_2773,429004.2067,5342258.262,/,2
NE_2774,430002.5404,5342213.612,/,2
NE_2775,431000.8728,5342168.967,/,2
NE_2776,431999.2038,5342124.325,/,5
NE_2777,432997.5336,5342079.689,/,6
NE_2778,433995.8621,5342035.057,/,5
NE_2779,434994.1893,5341990.43,/,3
NE_2784,439985.8073,5341767.364,/,5
NE_2801,456957.1201,5341009.813,/,2
NE_2807,462946.9416,5340742.761,/,1
NE_2808,463945.2431,5340698.269,/,1
NE_2809,464943.5443,5340653.78,/,1
NE_2819,474926.5328,5340209.152,/,2
NE_2857,427961.2146,5341304.58,/,2
NE_2863,433951.2332,5341036.726,/,2
NE_2864,434949.5652,5340992.101,/,5
NE_2865,435947.8958,5340947.48,/,5
NE_2866,436946.2253,5340902.863,/,5
NE_2867,437944.5535,5340858.251,/,5
NE_2868,438942.8806,5340813.644,/,5
NE_2869,439941.2065,5340769.041,/,5
NE_2920,490854.909,5338500.394,/,1
NE_3007,489812.2355,5337546.46,/,1
NE_3008,490810.5411,5337502.09,/,1
NE_3009,491808.847,5337457.725,/,1
NE_3072,467805.0306,5337525.425,/,1
NE_3073,468803.3437,5337480.956,/,1
NE_3074,469801.6562,5337436.492,/,1
NE_3075,470799.9684,5337392.033,/,1
NE_3095,490766.1732,5336503.783,/,2
NE_3159,467760.5602,5336527.109,/,1
NE_3160,468758.8777,5336482.641,/,1
NE_3161,469757.1947,5336438.178,/,1
NE_3162,470755.5112,5336393.719,/,1
NE_3171,479740.3486,5335993.787,/,3
NE_3172,480738.6629,5335949.372,/,4
NE_3173,481736.977,5335904.963,/,1
NE_3243,465719.4451,5335617.738,/,1
NE_3244,466717.7678,5335573.262,/,1
NE_3245,467716.0901,5335528.789,/,1
NE_3246,468714.412,5335484.322,/,1
NE_3257,479695.9318,5334995.471,/,2
NE_3258,480694.2506,5334951.056,/,1
NE_3259,481692.5693,5334906.646,/,1
NE_3326,464676.6388,5334663.893,/,1
NE_3327,465674.9666,5334619.413,/,1
NE_3328,466673.2937,5334574.937,/,1
NE_3329,467671.6205,5334530.465,/,1
NE_3330,468669.9468,5334485.998,/,2
NE_3342,480649.8383,5333952.735,/,1
NE_3343,481648.1614,5333908.326,/,1
NE_3412,467627.1513,5333532.136,/,1
NE_3413,468625.4819,5333487.669,/,2
NE_3493,467582.6824,5332533.803,/,1
NE_3571,467538.2141,5331535.466,/,1
NE_3572,468536.5536,5331491,/,1
NE_2903,473883.791,5339255.295,/,1
NE_849,457205.8393,5369005.01,/,1
NE_776,454255.8972,5370136.837,/,1
